{
  "inputSequence": [
    [
      0.3197424521204084,
      0.3882785397581756,
      0.7212063274346292,
      0.6600139967631549
    ],
    [
      0.7389024922158569,
      0.10172885470092297,
      0.9155806712806225,
      0.6398284535389394
    ],
    [
      0.7697578193619847,
      0.0006142433267086744,
      0.5311500004027039,
      0.17350345104932785
    ],
    [
      0.7479892042465508,
      0.4480597341898829,
      0.5754218695219606,
      0.4450547017622739
    ],
    [
      0.08691495959647,
      0.16534159728325903,
      0.2898492927197367,
      0.1490172864869237
    ],
    [
      0.7260495284572244,
      0.9804902882315218,
      0.00028688088059425354,
      0.5951938149519265
    ],
    [
      0.5365483213681728,
      0.9035149402916431,
      0.49022383941337466,
      0.009108148515224457
    ],
    [
      0.4792769595514983,
      0.5641825399361551,
      0.09999492112547159,
      0.8717763286549598
    ],
    [
      0.04227795475162566,
      0.4698703112080693,
      0.23613322176970541,
      0.8604394097346812
    ],
    [
      0.6352873514406383,
      0.17694012192077935,
      0.23354467656463385,
      0.9604561706073582
    ]
  ],
  "targetSequence": [
    [
      0.3197424521204084,
      0.3882785397581756,
      0.7212063274346292,
      0.6600139967631549
    ],
    [
      0.7389024922158569,
      0.10172885470092297,
      0.9155806712806225,
      0.6398284535389394
    ],
    [
      0.7697578193619847,
      0.0006142433267086744,
      0.5311500004027039,
      0.17350345104932785
    ],
    [
      0.7479892042465508,
      0.4480597341898829,
      0.5754218695219606,
      0.4450547017622739
    ],
    [
      0.08691495959647,
      0.16534159728325903,
      0.2898492927197367,
      0.1490172864869237
    ],
    [
      0.7260495284572244,
      0.9804902882315218,
      0.00028688088059425354,
      0.5951938149519265
    ],
    [
      0.5365483213681728,
      0.9035149402916431,
      0.49022383941337466,
      0.009108148515224457
    ],
    [
      0.4792769595514983,
      0.5641825399361551,
      0.09999492112547159,
      0.8717763286549598
    ],
    [
      0.04227795475162566,
      0.4698703112080693,
      0.23613322176970541,
      0.8604394097346812
    ],
    [
      0.6352873514406383,
      0.17694012192077935,
      0.23354467656463385,
      0.9604561706073582
    ]
  ],
  "input_size": 4,
  "mem_width": 4,
  "output_size": 4,
  "mem_size": 50,
  "shift_width": 3,
  "layer_sizes": 20,
  "no_heads": 1,
  "testSequence": [
    0.25,
    0.25,
    0.25,
    0.25,
    0.25,
    0.25,
    0.45,
    0.05,
    0.25,
    0.25,
    0.25,
    0.25,
    0.25,
    0.25,
    0.25,
    0.25,
    0.25,
    0.25,
    0.15,
    0.35,
    0.55,
    0.05,
    0.25,
    0.25,
    0.25,
    0.25,
    0.25,
    0.65
  ]
}
